Africa/Abidjan
Africa/Algiers
Africa/Bissau
Africa/Cairo
Africa/Casablanca
Africa/Ceuta
Africa/El_Aaiun
Africa/Johannesburg
Africa/Juba
Africa/Khartoum
Africa/Lagos
Africa/Maputo
Africa/Monrovia
Africa/Nairobi
Africa/Ndjamena
Africa/Sao_Tome
Africa/Tripoli
Africa/Tunis
Africa/Windhoek
America/Adak
America/Anchorage
America/Araguaina
America/Argentina/Buenos_Aires
America/Argentina/Catamarca
America/Argentina/Cordoba
America/Argentina/Jujuy
America/Argentina/La_Rioja
America/Argentina/Mendoza
America/Argentina/Rio_Gallegos
America/Argentina/Salta
America/Argentina/San_Juan
America/Argentina/San_Luis
America/Argentina/Tucuman
America/Argentina/Ushuaia
America/Asuncion
America/Bahia
America/Bahia_Banderas
America/Barbados
America/Belem
America/Belize
America/Boa_Vista
America/Bogota
America/Boise
America/Cambridge_Bay
America/Campo_Grande
America/Cancun
America/Caracas
America/Cayenne
America/Chicago
America/Chihuahua
America/Ciudad_Juarez
America/Costa_Rica
America/Coyhaique
America/Cuiaba
America/Danmarkshavn
America/Dawson
America/Dawson_Creek
America/Denver
America/Detroit
America/Edmonton
America/Eirunepe
America/El_Salvador
America/Fort_Nelson
America/Fortaleza
America/Glace_Bay
America/Goose_Bay
America/Grand_Turk
America/Guatemala
America/Guayaquil
America/Guyana
America/Halifax
America/Havana
America/Hermosillo
America/Indiana/Indianapolis
America/Indiana/Knox
America/Indiana/Marengo
America/Indiana/Petersburg
America/Indiana/Tell_City
America/Indiana/Vevay
America/Indiana/Vincennes
America/Indiana/Winamac
America/Inuvik
America/Iqaluit
America/Jamaica
America/Juneau
America/Kentucky/Louisville
America/Kentucky/Monticello
America/La_Paz
America/Lima
America/Los_Angeles
America/Maceio
America/Managua
America/Manaus
America/Martinique
America/Matamoros
America/Mazatlan
America/Menominee
America/Merida
America/Metlakatla
America/Mexico_City
America/Miquelon
America/Moncton
America/Monterrey
America/Montevideo
America/New_York
America/Nome
America/Noronha
America/North_Dakota/Beulah
America/North_Dakota/Center
America/North_Dakota/New_Salem
America/Nuuk
America/Ojinaga
America/Panama
America/Paramaribo
America/Phoenix
America/Port-au-Prince
America/Porto_Velho
America/Puerto_Rico
America/Punta_Arenas
America/Rankin_Inlet
America/Recife
America/Regina
America/Resolute
America/Rio_Branco
America/Santarem
America/Santiago
America/Santo_Domingo
America/Sao_Paulo
America/Scoresbysund
America/Sitka
America/St_Johns
America/Swift_Current
America/Tegucigalpa
America/Thule
America/Tijuana
America/Toronto
America/Vancouver
America/Whitehorse
America/Winnipeg
America/Yakutat
Antarctica/Casey
Antarctica/Davis
Antarctica/Macquarie
Antarctica/Mawson
Antarctica/Palmer
Antarctica/Rothera
Antarctica/Troll
Antarctica/Vostok
Asia/Almaty
Asia/Amman
Asia/Anadyr
Asia/Aqtau
Asia/Aqtobe
Asia/Ashgabat
Asia/Atyrau
Asia/Baghdad
Asia/Baku
Asia/Bangkok
Asia/Barnaul
Asia/Beirut
Asia/Bishkek
Asia/Chita
Asia/Colombo
Asia/Damascus
Asia/Dhaka
Asia/Dili
Asia/Dubai
Asia/Dushanbe
Asia/Famagusta
Asia/Gaza
Asia/Hebron
Asia/Ho_Chi_Minh
Asia/Hong_Kong
Asia/Hovd
Asia/Irkutsk
Asia/Jakarta
Asia/Jayapura
Asia/Jerusalem
Asia/Kabul
Asia/Kamchatka
Asia/Karachi
Asia/Kathmandu
Asia/Khandyga
Asia/Kolkata
Asia/Krasnoyarsk
Asia/Kuching
Asia/Macau
Asia/Magadan
Asia/Makassar
Asia/Manila
Asia/Nicosia
Asia/Novokuznetsk
Asia/Novosibirsk
Asia/Omsk
Asia/Oral
Asia/Pontianak
Asia/Pyongyang
Asia/Qatar
Asia/Qostanay
Asia/Qyzylorda
Asia/Riyadh
Asia/Sakhalin
Asia/Samarkand
Asia/Seoul
Asia/Shanghai
Asia/Singapore
Asia/Srednekolymsk
Asia/Taipei
Asia/Tashkent
Asia/Tbilisi
Asia/Tehran
Asia/Thimphu
Asia/Tokyo
Asia/Tomsk
Asia/Ulaanbaatar
Asia/Urumqi
Asia/Ust-Nera
Asia/Vladivostok
Asia/Yakutsk
Asia/Yangon
Asia/Yekaterinburg
Asia/Yerevan
Atlantic/Azores
Atlantic/Bermuda
Atlantic/Canary
Atlantic/Cape_Verde
Atlantic/Faroe
Atlantic/Madeira
Atlantic/South_Georgia
Atlantic/Stanley
Australia/Adelaide
Australia/Brisbane
Australia/Broken_Hill
Australia/Darwin
Australia/Eucla
Australia/Hobart
Australia/Lindeman
Australia/Lord_Howe
Australia/Melbourne
Australia/Perth
Australia/Sydney
Etc/GMT
Etc/GMT+1
Etc/GMT+10
Etc/GMT+11
Etc/GMT+12
Etc/GMT+2
Etc/GMT+3
Etc/GMT+4
Etc/GMT+5
Etc/GMT+6
Etc/GMT+7
Etc/GMT+8
Etc/GMT+9
Etc/GMT-1
Etc/GMT-10
Etc/GMT-11
Etc/GMT-12
Etc/GMT-13
Etc/GMT-14
Etc/GMT-2
Etc/GMT-3
Etc/GMT-4
Etc/GMT-5
Etc/GMT-6
Etc/GMT-7
Etc/GMT-8
Etc/GMT-9
Etc/Rel
Etc/UTC
Europe/Andorra
Europe/Astrakhan
Europe/Athens
Europe/Belgrade
Europe/Berlin
Europe/Brussels
Europe/Bucharest
Europe/Budapest
Europe/Chisinau
Europe/Dublin
Europe/Gibraltar
Europe/Helsinki
Europe/Istanbul
Europe/Kaliningrad
Europe/Kirov
Europe/Kyiv
Europe/Lisbon
Europe/London
Europe/Madrid
Europe/Malta
Europe/Minsk
Europe/Moscow
Europe/Paris
Europe/Prague
Europe/Riga
Europe/Rome
Europe/Samara
Europe/Saratov
Europe/Simferopol
Europe/Sofia
Europe/Tallinn
Europe/Tirane
Europe/Ulyanovsk
Europe/Vienna
Europe/Vilnius
Europe/Volgograd
Europe/Warsaw
Europe/Zurich
Indian/Chagos
Indian/Maldives
Indian/Mauritius
Pacific/Apia
Pacific/Auckland
Pacific/Bougainville
Pacific/Chatham
Pacific/Easter
Pacific/Efate
Pacific/Fakaofo
Pacific/Fiji
Pacific/Galapagos
Pacific/Gambier
Pacific/Guadalcanal
Pacific/Guam
Pacific/Honolulu
Pacific/Kanton
Pacific/Kiritimati
Pacific/Kosrae
Pacific/Kwajalein
Pacific/Marquesas
Pacific/Nauru
Pacific/Niue
Pacific/Norfolk
Pacific/Noumea
Pacific/Pago_Pago
Pacific/Palau
Pacific/Pitcairn
Pacific/Port_Moresby
Pacific/Rarotonga
Pacific/Tahiti
Pacific/Tarawa
Pacific/Tongatapu
--- Aliases
Africa/Accra=Abidjan
Africa/Addis_Ababa=Nairobi
Africa/Asmara=Nairobi
Africa/Asmera=Nairobi
Africa/Bamako=Abidjan
Africa/Bangui=Lagos
Africa/Banjul=Abidjan
Africa/Blantyre=Maputo
Africa/Brazzaville=Lagos
Africa/Bujumbura=Maputo
Africa/Conakry=Abidjan
Africa/Dakar=Abidjan
Africa/Dar_es_Salaam=Nairobi
Africa/Djibouti=Nairobi
Africa/Douala=Lagos
Africa/Freetown=Abidjan
Africa/Gaborone=Maputo
Africa/Harare=Maputo
Africa/Kampala=Nairobi
Africa/Kigali=Maputo
Africa/Kinshasa=Lagos
Africa/Libreville=Lagos
Africa/Lome=Abidjan
Africa/Luanda=Lagos
Africa/Lubumbashi=Maputo
Africa/Lusaka=Maputo
Africa/Malabo=Lagos
Africa/Maseru=Johannesburg
Africa/Mbabane=Johannesburg
Africa/Mogadishu=Nairobi
Africa/Niamey=Lagos
Africa/Nouakchott=Abidjan
Africa/Ouagadougou=Abidjan
Africa/Porto-Novo=Lagos
Africa/Timbuktu=Abidjan
America/Anguilla=Puerto_Rico
America/Antigua=Puerto_Rico
America/Argentina/ComodRivadavia=Catamarca
America/Aruba=Puerto_Rico
America/Atikokan=Panama
America/Atka=Adak
America/Blanc-Sablon=Puerto_Rico
America/Buenos_Aires=Buenos_Aires
America/Catamarca=Catamarca
America/Cayman=Panama
America/Coral_Harbour=Panama
America/Cordoba=Cordoba
America/Creston=Phoenix
America/Curacao=Puerto_Rico
America/Dominica=Puerto_Rico
America/Ensenada=Tijuana
America/Fort_Wayne=Indianapolis
America/Godthab=Nuuk
America/Grenada=Puerto_Rico
America/Guadeloupe=Puerto_Rico
America/Indianapolis=Indianapolis
America/Jujuy=Jujuy
America/Knox_IN=Knox
America/Kralendijk=Puerto_Rico
America/Louisville=Louisville
America/Lower_Princes=Puerto_Rico
America/Marigot=Puerto_Rico
America/Mendoza=Mendoza
America/Montreal=Toronto
America/Montserrat=Puerto_Rico
America/Nassau=Toronto
America/Nipigon=Toronto
America/Pangnirtung=Iqaluit
America/Port_of_Spain=Puerto_Rico
America/Porto_Acre=Rio_Branco
America/Rainy_River=Winnipeg
America/Rosario=Cordoba
America/Santa_Isabel=Tijuana
America/Shiprock=Denver
America/St_Barthelemy=Puerto_Rico
America/St_Kitts=Puerto_Rico
America/St_Lucia=Puerto_Rico
America/St_Thomas=Puerto_Rico
America/St_Vincent=Puerto_Rico
America/Thunder_Bay=Toronto
America/Tortola=Puerto_Rico
America/Virgin=Puerto_Rico
America/Yellowknife=Edmonton
Antarctica/DumontDUrville=Port_Moresby
Antarctica/McMurdo=Auckland
Antarctica/South_Pole=Auckland
Antarctica/Syowa=Riyadh
Arctic/Longyearbyen=Berlin
Asia/Aden=Riyadh
Asia/Ashkhabad=Ashgabat
Asia/Bahrain=Qatar
Asia/Brunei=Kuching
Asia/Calcutta=Kolkata
Asia/Choibalsan=Ulaanbaatar
Asia/Chongqing=Shanghai
Asia/Chungking=Shanghai
Asia/Dacca=Dhaka
Asia/Harbin=Shanghai
Asia/Istanbul=Istanbul
Asia/Kashgar=Urumqi
Asia/Katmandu=Kathmandu
Asia/Kuala_Lumpur=Singapore
Asia/Kuwait=Riyadh
Asia/Macao=Macau
Asia/Muscat=Dubai
Asia/Phnom_Penh=Bangkok
Asia/Rangoon=Yangon
Asia/Saigon=Ho_Chi_Minh
Asia/Tel_Aviv=Jerusalem
Asia/Thimbu=Thimphu
Asia/Ujung_Pandang=Makassar
Asia/Ulan_Bator=Ulaanbaatar
Asia/Vientiane=Bangkok
Atlantic/Faeroe=Faroe
Atlantic/Jan_Mayen=Berlin
Atlantic/Reykjavik=Abidjan
Atlantic/St_Helena=Abidjan
Australia/ACT=Sydney
Australia/Canberra=Sydney
Australia/Currie=Hobart
Australia/LHI=Lord_Howe
Australia/NSW=Sydney
Australia/North=Darwin
Australia/Queensland=Brisbane
Australia/South=Adelaide
Australia/Tasmania=Hobart
Australia/Victoria=Melbourne
Australia/West=Perth
Australia/Yancowinna=Broken_Hill
Brazil/Acre=Rio_Branco
Brazil/DeNoronha=Noronha
Brazil/East=Sao_Paulo
Brazil/West=Manaus
CET=Brussels
CST6CDT=Chicago
Canada/Atlantic=Halifax
Canada/Central=Winnipeg
Canada/Eastern=Toronto
Canada/Mountain=Edmonton
Canada/Newfoundland=St_Johns
Canada/Pacific=Vancouver
Canada/Saskatchewan=Regina
Canada/Yukon=Whitehorse
Chile/Continental=Santiago
Chile/EasterIsland=Easter
Cuba=Havana
EET=Athens
EST=Panama
EST5EDT=New_York
Egypt=Cairo
Eire=Dublin
Etc/GMT+0=GMT
Etc/GMT-0=GMT
Etc/GMT0=GMT
Etc/Greenwich=GMT
Etc/UCT=UTC
Etc/Universal=UTC
Etc/Zulu=UTC
Europe/Amsterdam=Brussels
Europe/Belfast=London
Europe/Bratislava=Prague
Europe/Busingen=Zurich
Europe/Copenhagen=Berlin
Europe/Guernsey=London
Europe/Isle_of_Man=London
Europe/Jersey=London
Europe/Kiev=Kyiv
Europe/Ljubljana=Belgrade
Europe/Luxembourg=Brussels
Europe/Mariehamn=Helsinki
Europe/Monaco=Paris
Europe/Nicosia=Nicosia
Europe/Oslo=Berlin
Europe/Podgorica=Belgrade
Europe/San_Marino=Rome
Europe/Sarajevo=Belgrade
Europe/Skopje=Belgrade
Europe/Stockholm=Berlin
Europe/Tiraspol=Chisinau
Europe/Uzhgorod=Kyiv
Europe/Vaduz=Zurich
Europe/Vatican=Rome
Europe/Zagreb=Belgrade
Europe/Zaporozhye=Kyiv
GB=London
GB-Eire=London
GMT+0=GMT
GMT-0=GMT
GMT0=GMT
Greenwich=GMT
HST=Honolulu
Hongkong=Hong_Kong
Iceland=Abidjan
Indian/Antananarivo=Nairobi
Indian/Christmas=Bangkok
Indian/Cocos=Yangon
Indian/Comoro=Nairobi
Indian/Kerguelen=Maldives
Indian/Mahe=Dubai
Indian/Mayotte=Nairobi
Indian/Reunion=Dubai
Iran=Tehran
Israel=Jerusalem
Japan=Tokyo
Libya=Tripoli
MET=Brussels
MST=Phoenix
MST7MDT=Denver
Mexico/BajaNorte=Tijuana
Mexico/BajaSur=Mazatlan
Mexico/General=Mexico_City
NZ=Auckland
NZ-CHAT=Chatham
Navajo=Denver
PRC=Shanghai
PST8PDT=Los_Angeles
Pacific/Chuuk=Port_Moresby
Pacific/Enderbury=Kanton
Pacific/Funafuti=Tarawa
Pacific/Johnston=Honolulu
Pacific/Majuro=Tarawa
Pacific/Midway=Pago_Pago
Pacific/Pohnpei=Guadalcanal
Pacific/Ponape=Guadalcanal
Pacific/Saipan=Guam
Pacific/Samoa=Pago_Pago
Pacific/Truk=Port_Moresby
Pacific/Wake=Tarawa
Pacific/Wallis=Tarawa
Pacific/Yap=Port_Moresby
Poland=Warsaw
Portugal=Lisbon
ROC=Taipei
ROK=Seoul
Turkey=Istanbul
UCT=UTC
US/Alaska=Anchorage
US/Aleutian=Adak
US/Arizona=Phoenix
US/Central=Chicago
US/East-Indiana=Indianapolis
US/Eastern=New_York
US/Hawaii=Honolulu
US/Indiana-Starke=Knox
US/Michigan=Detroit
US/Mountain=Denver
US/Pacific=Los_Angeles
US/Samoa=Pago_Pago
Universal=UTC
W-SU=Moscow
WET=Lisbon
Zulu=UTC
